,failed,0,1,2,3,4,5,6,7,8,9,10,11,12,13,14,15,16,17,18,19,20,21,22,23,24,25,26,27,28,29,30,31,32,33,34,35,36,37,38,39,40,41,42,43,44,45,46,47,48,49,50,51,52,53,54,55,56,57,58,59,60,61,62,63,64,65,66,67,68,69,70,71,72,73,74,75,76,77,78,79,80,81,82,83,84,85,86,87,88,89,90,91,92,93,94,95,96,97,98,99,100,101,102,103,104,105,106,107,108,109,110,111,112,113,114,115,116,117,118,119,120,121,122,123,124,125
org.apache.commons.lang.LocaleUtilsTest::testConstructor,,,,,,,,,,,,,,,,,,,,,,,,,,,,,,,,,,,,,,,,,,,,,,,,,,,,,,,,,,,,,,,,,,,,,,,,,,,,,,,,,,x,,,,,,,,,,,,,,,,,,,,,,,,,,,,,,,x,,,,,,,,,,,,,,
org.apache.commons.lang.LocaleUtilsTest::testToLocale_1Part,,,,,,x,,,,,,,,,,,,,x,,x,,,,,x,x,,,,,,,,x,,,,x,,,,,,,x,,,,,,,,,,,,,,,,,,,x,,,,,,,,,,,,,,,,x,,,,,x,,,,,,,,x,,,,,,,x,,,,,x,,,,,,,,,,,,,,,,,,,x,,x
org.apache.commons.lang.LocaleUtilsTest::testToLocale_2Part,,,,,,,,,,,,,,,,,x,,,,,,,,x,x,,,x,,,,,,,,,x,,,x,,,x,,,x,x,x,,x,x,,,,,,,x,,x,,,x,,,,,,,,,,,,,x,,,,,x,,x,x,,,,,,,,,,,x,,,,,,,x,,,x,,,,,,,,x,,,,,,,,x,,,,,x
org.apache.commons.lang.LocaleUtilsTest::testToLocale_3Part,,x,,,,,,,,,,,x,x,,,,,,,,,,,,,,x,,,,,,x,,,,,,,,,,,x,,,,,,,x,,,,x,,x,,,x,,,,x,,,,x,,,,x,,,x,,,x,,,,x,,,x,,,,,,,x,x,,x,,,x,,,,,x,,,,,,,,,,x,,,,,,,x,x,,,x,,x
org.apache.commons.lang.LocaleUtilsTest::testLocaleLookupList_Locale,,,,,,,,,,,,,,,x,,,,,,x,,,x,,x,,,,,,,,x,,,,,x,,,,x,,,,,,x,,x,x,,,x,,,x,,,,,,x,,x,,,,,,,,,,,x,,,,,,,x,,,,,,,,x,,,,,,,,,,,,,,,,x,,x,,,x,,,x,,x,,,x,,,x,,,
org.apache.commons.lang.LocaleUtilsTest::testLocaleLookupList_LocaleLocale,,,,,x,,x,,,,,,,,,,x,,,,,,,,x,,,,,,,x,,,,,,x,x,,,x,,,,,x,x,,,,,,,,,,,,x,x,,,,,,,x,x,,x,,,,,,,,x,,x,,,,x,,,x,,,,,,,,,x,,,,,x,x,x,x,,,,x,,x,,,,,,,,,,,,x,,,,
org.apache.commons.lang.LocaleUtilsTest::testAvailableLocaleList,,,,,,,,,,,,,,,,,,,,,,,,,,,,,,,,,,,,,,,,,,,,,,,,,,,,,,,,,,,,,,,,,,,,,,,,,,,,,,,,,,,,,,,,,,,x,,,,,,,,,,,,,,,,,,,,,,,,,,,,,,,,,,,,
org.apache.commons.lang.LocaleUtilsTest::testAvailableLocaleSet,,,x,,x,,,,,,,,x,,,,,,,,,,,,,,,,,,,,,,,,,,,,,,,,,,,,,,,,x,,,,,,,,,,,x,,,,,,,,,,,,,,,,,,,,,,,x,,,,,,x,,,x,,x,,,,,,,,,x,,,,,,,,,,,,,,,,,,,,
org.apache.commons.lang.LocaleUtilsTest::testIsAvailableLocale,,,,,,,,,,,,,,,,,,,,,,x,,,,,,,,,,,,,,,,,,,,,,,,,,,,,,,,,,,,,x,,,,,x,,,,,,,,,,,,,,,,,,,,,,,,,,,,,,,x,x,,,,,,x,,,,x,,,x,,,,,,,,x,,,,x,,,,,,
org.apache.commons.lang.LocaleUtilsTest::testLanguagesByCountry,,,,,,x,,,,,x,,,x,,x,,,,,,x,,,,,x,,,,,,,,,,,,,,,,,,,,x,,x,,x,,x,,,x,,,,x,x,,,,,,,,,,,,,x,,,,,,,x,,x,x,,x,,,,x,,,,,,,,,x,,x,x,,,,,x,x,,x,,,,x,x,,,,,,,,,x,x,,
org.apache.commons.lang.LocaleUtilsTest::testCountriesByLanguage,,x,,,,,x,,x,,,x,,,x,,x,,,,,,,,,,,x,,,,,x,x,,,x,x,,,,,x,,x,,,,,,,x,,,,x,,,,,,,,,x,x,,,,,x,,,,,x,,x,x,,x,x,,,,x,,,,,,,,,,,,,,,,,,,x,,x,,x,,,,,,,x,,x,,,,,,,,,x
org.apache.commons.lang.LocaleUtilsTest::testLang328,x,,,x,,,,,,x,,x,,,,,,,,,,,,,,,,,,,x,,,x,,,,x,,x,,,x,,,x,,,,x,,,,,,,,,,,,,,,,,,x,,x,,,,,,,,x,,,x,,,,,,,,,,,,,,,,,x,x,,,,,,,,,,,,,,,,x,,,,,,,,x,x,,,
